{
  "config": {
    "n_episodes": 10,
    "episode_len": 900,
    "width": 45,
    "height": 35,
    "n_riders": 6,
    "order_spawn_prob": 0.4,
    "max_eta": 80,
    "block_size": 6,
    "street_width": 2,
    "enable_road_closures": true,
    "road_closure_prob": 0.02,
    "max_closures": 5,
    "base_seed": 7,
    "q_path": "artifacts/qtable_factored.pkl"
  },
  "heuristic": [
    {
      "seed": 7,
      "reward_total": -36614.90129999997,
      "orders_created": 394,
      "orders_delivered": 236,
      "orders_ontime": 189,
      "orders_late": 47,
      "orders_pending_end": 158,
      "ontime_ratio": 0.8008474576271186,
      "avg_delivery_time": 57.38559322033898,
      "avg_fatigue": 7.106666666666826,
      "max_fatigue": 7.9000000000001585,
      "fatigue_std": 0.6347352904076612,
      "avg_distance": 582.6666666666666,
      "deliveries_imbalance": 2.0548046676563256,
      "traffic_changes": 10,
      "road_closures_total": 10,
      "q1_used": 0,
      "q3_used": 0,
      "ticks_total": 900,
      "wait_count": 0,
      "action_count": 900,
      "wait_ratio": 0.0,
      "avg_rider_load": 2.0355531971345187,
      "batching_efficiency": 0.9722222222222222,
      "activated_riders": 6
    },
    {
      "seed": 8,
      "reward_total": -25556.762766666656,
      "orders_created": 348,
      "orders_delivered": 240,
      "orders_ontime": 194,
      "orders_late": 46,
      "orders_pending_end": 108,
      "ontime_ratio": 0.8083333333333333,
      "avg_delivery_time": 60.81666666666667,
      "avg_fatigue": 6.893333333333486,
      "max_fatigue": 7.730000000000144,
      "fatigue_std": 0.5720042734883098,
      "avg_distance": 592.6666666666666,
      "deliveries_imbalance": 3.0550504633038935,
      "traffic_changes": 12,
      "road_closures_total": 10,
      "q1_used": 0,
      "q3_used": 0,
      "ticks_total": 900,
      "wait_count": 0,
      "action_count": 900,
      "wait_ratio": 0.0,
      "avg_rider_load": 2.042665262048986,
      "batching_efficiency": 0.9788888888888889,
      "activated_riders": 6
    },
    {
      "seed": 9,
      "reward_total": -25221.70173333332,
      "orders_created": 364,
      "orders_delivered": 254,
      "orders_ontime": 201,
      "orders_late": 53,
      "orders_pending_end": 110,
      "ontime_ratio": 0.7913385826771654,
      "avg_delivery_time": 57.0,
      "avg_fatigue": 7.1300000000001456,
      "max_fatigue": 7.8600000000001575,
      "fatigue_std": 0.5986930209492466,
      "avg_distance": 599.3333333333334,
      "deliveries_imbalance": 2.0548046676563256,
      "traffic_changes": 12,
      "road_closures_total": 10,
      "q1_used": 0,
      "q3_used": 0,
      "ticks_total": 900,
      "wait_count": 0,
      "action_count": 900,
      "wait_ratio": 0.0,
      "avg_rider_load": 2.0350693535723634,
      "batching_efficiency": 0.9655555555555555,
      "activated_riders": 6
    },
    {
      "seed": 10,
      "reward_total": -32011.85506666667,
      "orders_created": 370,
      "orders_delivered": 228,
      "orders_ontime": 173,
      "orders_late": 55,
      "orders_pending_end": 142,
      "ontime_ratio": 0.7587719298245614,
      "avg_delivery_time": 64.28508771929825,
      "avg_fatigue": 7.33000000000014,
      "max_fatigue": 8.010000000000169,
      "fatigue_std": 0.6465549731719175,
      "avg_distance": 604.0,
      "deliveries_imbalance": 1.2909944487358056,
      "traffic_changes": 12,
      "road_closures_total": 10,
      "q1_used": 0,
      "q3_used": 0,
      "ticks_total": 900,
      "wait_count": 0,
      "action_count": 900,
      "wait_ratio": 0.0,
      "avg_rider_load": 2.0174161684429426,
      "batching_efficiency": 0.9866666666666667,
      "activated_riders": 6
    },
    {
      "seed": 11,
      "reward_total": -21537.31126666666,
      "orders_created": 336,
      "orders_delivered": 240,
      "orders_ontime": 196,
      "orders_late": 44,
      "orders_pending_end": 96,
      "ontime_ratio": 0.8166666666666667,
      "avg_delivery_time": 58.8375,
      "avg_fatigue": 6.850000000000151,
      "max_fatigue": 7.850000000000144,
      "fatigue_std": 0.7768740781705459,
      "avg_distance": 582.3333333333334,
      "deliveries_imbalance": 2.7688746209726918,
      "traffic_changes": 12,
      "road_closures_total": 10,
      "q1_used": 0,
      "q3_used": 0,
      "ticks_total": 900,
      "wait_count": 0,
      "action_count": 900,
      "wait_ratio": 0.0,
      "avg_rider_load": 1.9909774436090226,
      "batching_efficiency": 0.9788888888888889,
      "activated_riders": 6
    },
    {
      "seed": 12,
      "reward_total": -24965.69263333335,
      "orders_created": 355,
      "orders_delivered": 235,
      "orders_ontime": 187,
      "orders_late": 48,
      "orders_pending_end": 120,
      "ontime_ratio": 0.7957446808510639,
      "avg_delivery_time": 57.757446808510636,
      "avg_fatigue": 6.9600000000001545,
      "max_fatigue": 7.690000000000176,
      "fatigue_std": 0.5365010096293759,
      "avg_distance": 594.0,
      "deliveries_imbalance": 2.6718699236468995,
      "traffic_changes": 13,
      "road_closures_total": 10,
      "q1_used": 0,
      "q3_used": 0,
      "ticks_total": 900,
      "wait_count": 0,
      "action_count": 900,
      "wait_ratio": 0.0,
      "avg_rider_load": 2.0925076452599387,
      "batching_efficiency": 0.9811111111111112,
      "activated_riders": 6
    },
    {
      "seed": 13,
      "reward_total": -26652.546633333335,
      "orders_created": 359,
      "orders_delivered": 234,
      "orders_ontime": 191,
      "orders_late": 43,
      "orders_pending_end": 125,
      "ontime_ratio": 0.8162393162393162,
      "avg_delivery_time": 54.78632478632478,
      "avg_fatigue": 7.195000000000157,
      "max_fatigue": 8.040000000000147,
      "fatigue_std": 0.6652756321004628,
      "avg_distance": 588.5,
      "deliveries_imbalance": 2.581988897471611,
      "traffic_changes": 11,
      "road_closures_total": 10,
      "q1_used": 0,
      "q3_used": 0,
      "ticks_total": 900,
      "wait_count": 0,
      "action_count": 900,
      "wait_ratio": 0.0,
      "avg_rider_load": 2.0115295926210606,
      "batching_efficiency": 0.9833333333333333,
      "activated_riders": 6
    },
    {
      "seed": 14,
      "reward_total": -33761.868700000006,
      "orders_created": 363,
      "orders_delivered": 236,
      "orders_ontime": 192,
      "orders_late": 44,
      "orders_pending_end": 127,
      "ontime_ratio": 0.8135593220338984,
      "avg_delivery_time": 63.233050847457626,
      "avg_fatigue": 6.388333333333492,
      "max_fatigue": 6.950000000000155,
      "fatigue_std": 0.34070596642201195,
      "avg_distance": 555.8333333333334,
      "deliveries_imbalance": 0.9428090415820634,
      "traffic_changes": 10,
      "road_closures_total": 10,
      "q1_used": 0,
      "q3_used": 0,
      "ticks_total": 900,
      "wait_count": 0,
      "action_count": 900,
      "wait_ratio": 0.0,
      "avg_rider_load": 1.9460205874968617,
      "batching_efficiency": 0.9844444444444445,
      "activated_riders": 6
    },
    {
      "seed": 15,
      "reward_total": -26508.078566666667,
      "orders_created": 358,
      "orders_delivered": 228,
      "orders_ontime": 193,
      "orders_late": 35,
      "orders_pending_end": 130,
      "ontime_ratio": 0.8464912280701754,
      "avg_delivery_time": 58.96052631578947,
      "avg_fatigue": 6.933333333333496,
      "max_fatigue": 7.860000000000163,
      "fatigue_std": 0.5864204028586425,
      "avg_distance": 573.3333333333334,
      "deliveries_imbalance": 2.309401076758503,
      "traffic_changes": 11,
      "road_closures_total": 10,
      "q1_used": 0,
      "q3_used": 0,
      "ticks_total": 900,
      "wait_count": 0,
      "action_count": 900,
      "wait_ratio": 0.0,
      "avg_rider_load": 1.9569752281616688,
      "batching_efficiency": 0.9844444444444445,
      "activated_riders": 6
    },
    {
      "seed": 16,
      "reward_total": -33984.49896666665,